Individual_ID,Scientific_Name,Plant_Nickname,Patch,Patch_Size,Shade_Status,Wild,Watered,Fertilized,Gender,Planting_Date,Plant_Comments,Plant_Registration_Date,Death_Date_Observed,Last_Date_Observed_Alive,Death_Reason,Death_Comments,Plant_Image_URL,Plant_Image_Upload_Date
1267,Syringa vulgaris,May,,,Mostly sun,0,1,1,,,,,,,,,,
1603,Syringa vulgaris,East Common Lilac,,,Half shade,0,1,0,,--,Moved this lilac to new location on 3/8/11.  Don't know if it will survive.,,,,,,,
1707,Syringa vulgaris,CL2,,,Mostly sun,,1,1,,,Middle tree - possibly 'Congo',,,,,,,
2336,Syringa vulgaris,common lilac-1,,,Mostly sun,0,1,1,,,,,,,,,,
2607,Syringa vulgaris,common lilac-1,,,Mostly shade,0,1,0,,,,,,,,,,
2955,Syringa vulgaris,Rock lilac,,,Full sun,0,1,0,,1990--,transplanted early 90s fm local homestead,,,,,,,
3452,Syringa vulgaris,common lilac by shrub gdn,,,Full sun,,0,0,,,,,,,,,,
3480,Syringa vulgaris,common lilac-East,,,Mostly sun,0,1,1,,,,,,,,,,
3834,Syringa vulgaris,common lilac-1,,,Mostly sun,0,0,1,,,,,,,,,,
3906,Syringa chinensis,Chinese lilac-1,,,Half shade,0,0,0,,,"in good condition, 2nd best lilac we have",,,,,,,
4600,Syringa vulgaris,common lilac-1,,,,,,,,,,,,,,,,
12012,Syringa vulgaris,common lilac-1,,,Full sun,0,0,0,,1987--,,2011-04-23,,,,,,
54427,Syringa vulgaris,,,,,,,,,,Generated Individual for Lilac data import,2013-11-19,,,,,,
55081,Syringa vulgaris,,,,,,,,,,Generated Individual for Lilac data import,2013-11-19,,,,,,
55082,Syringa vulgaris,,,,,,,,,,Generated Individual for Lilac data import,2013-11-19,,,,,,
55083,Syringa vulgaris,,,,,,,,,,Generated Individual for Lilac data import,2013-11-19,,,,,,
55084,Syringa vulgaris,,,,,,,,,,Generated Individual for Lilac data import,2013-11-19,,,,,,
55085,Syringa vulgaris,,,,,,,,,,Generated Individual for Lilac data import,2013-11-19,,,,,,
55086,Syringa vulgaris,,,,,,,,,,Generated Individual for Lilac data import,2013-11-19,,,,,,
55087,Syringa vulgaris,,,,,,,,,,Generated Individual for Lilac data import,2013-11-19,,,,,,
55089,Syringa vulgaris,,,,,,,,,,Generated Individual for Lilac data import,2013-11-19,,,,,,
55090,Syringa vulgaris,,,,,,,,,,Generated Individual for Lilac data import,2013-11-19,,,,,,
55091,Syringa vulgaris,,,,,,,,,,Generated Individual for Lilac data import,2013-11-19,,,,,,
55092,Syringa vulgaris,,,,,,,,,,Generated Individual for Lilac data import,2013-11-19,,,,,,
55093,Syringa vulgaris,,,,,,,,,,Generated Individual for Lilac data import,2013-11-19,,,,,,
55094,Syringa vulgaris,,,,,,,,,,Generated Individual for Lilac data import,2013-11-19,,,,,,
55095,Syringa vulgaris,,,,,,,,,,Generated Individual for Lilac data import,2013-11-19,,,,,,
55096,Syringa vulgaris,,,,,,,,,,Generated Individual for Lilac data import,2013-11-19,,,,,,
55097,Syringa vulgaris,,,,,,,,,,Generated Individual for Lilac data import,2013-11-19,,,,,,
55098,Syringa vulgaris,,,,,,,,,,Generated Individual for Lilac data import,2013-11-19,,,,,,
55099,Syringa vulgaris,,,,,,,,,,Generated Individual for Lilac data import,2013-11-19,,,,,,
55100,Syringa vulgaris,,,,,,,,,,Generated Individual for Lilac data import,2013-11-19,,,,,,
55101,Syringa vulgaris,,,,,,,,,,Generated Individual for Lilac data import,2013-11-19,,,,,,
55102,Syringa vulgaris,,,,,,,,,,Generated Individual for Lilac data import,2013-11-19,,,,,,
55103,Syringa vulgaris,,,,,,,,,,Generated Individual for Lilac data import,2013-11-19,,,,,,
55104,Syringa vulgaris,,,,,,,,,,Generated Individual for Lilac data import,2013-11-19,,,,,,
55105,Syringa vulgaris,,,,,,,,,,Generated Individual for Lilac data import,2013-11-19,,,,,,
55106,Syringa vulgaris,,,,,,,,,,Generated Individual for Lilac data import,2013-11-19,,,,,,
55107,Syringa vulgaris,,,,,,,,,,Generated Individual for Lilac data import,2013-11-19,,,,,,
55108,Syringa vulgaris,,,,,,,,,,Generated Individual for Lilac data import,2013-11-19,,,,,,
55109,Syringa vulgaris,,,,,,,,,,Generated Individual for Lilac data import,2013-11-19,,,,,,
55110,Syringa vulgaris,,,,,,,,,,Generated Individual for Lilac data import,2013-11-19,,,,,,
55111,Syringa vulgaris,,,,,,,,,,Generated Individual for Lilac data import,2013-11-19,,,,,,
55112,Syringa vulgaris,,,,,,,,,,Generated Individual for Lilac data import,2013-11-19,,,,,,
55113,Syringa vulgaris,,,,,,,,,,Generated Individual for Lilac data import,2013-11-19,,,,,,
55114,Syringa vulgaris,,,,,,,,,,Generated Individual for Lilac data import,2013-11-19,,,,,,
55115,Syringa vulgaris,,,,,,,,,,Generated Individual for Lilac data import,2013-11-19,,,,,,
55116,Syringa vulgaris,,,,,,,,,,Generated Individual for Lilac data import,2013-11-19,,,,,,
55117,Syringa vulgaris,,,,,,,,,,Generated Individual for Lilac data import,2013-11-19,,,,,,
55118,Syringa vulgaris,,,,,,,,,,Generated Individual for Lilac data import,2013-11-19,,,,,,
55119,Syringa vulgaris,,,,,,,,,,Generated Individual for Lilac data import,2013-11-19,,,,,,
55120,Syringa vulgaris,,,,,,,,,,Generated Individual for Lilac data import,2013-11-19,,,,,,
55121,Syringa vulgaris,,,,,,,,,,Generated Individual for Lilac data import,2013-11-19,,,,,,
55122,Syringa vulgaris,,,,,,,,,,Generated Individual for Lilac data import,2013-11-19,,,,,,
55123,Syringa vulgaris,,,,,,,,,,Generated Individual for Lilac data import,2013-11-19,,,,,,
55124,Syringa vulgaris,,,,,,,,,,Generated Individual for Lilac data import,2013-11-19,,,,,,
55125,Syringa vulgaris,,,,,,,,,,Generated Individual for Lilac data import,2013-11-19,,,,,,
55126,Syringa vulgaris,,,,,,,,,,Generated Individual for Lilac data import,2013-11-19,,,,,,
55127,Syringa vulgaris,,,,,,,,,,Generated Individual for Lilac data import,2013-11-19,,,,,,
55128,Syringa vulgaris,,,,,,,,,,Generated Individual for Lilac data import,2013-11-19,,,,,,
55129,Syringa vulgaris,,,,,,,,,,Generated Individual for Lilac data import,2013-11-19,,,,,,
55130,Syringa vulgaris,,,,,,,,,,Generated Individual for Lilac data import,2013-11-19,,,,,,
55131,Syringa vulgaris,,,,,,,,,,Generated Individual for Lilac data import,2013-11-19,,,,,,
55132,Syringa vulgaris,,,,,,,,,,Generated Individual for Lilac data import,2013-11-19,,,,,,
55133,Syringa vulgaris,,,,,,,,,,Generated Individual for Lilac data import,2013-11-19,,,,,,
55134,Syringa vulgaris,,,,,,,,,,Generated Individual for Lilac data import,2013-11-19,,,,,,
55135,Syringa vulgaris,,,,,,,,,,Generated Individual for Lilac data import,2013-11-19,,,,,,
55136,Syringa vulgaris,,,,,,,,,,Generated Individual for Lilac data import,2013-11-19,,,,,,
55137,Syringa vulgaris,,,,,,,,,,Generated Individual for Lilac data import,2013-11-19,,,,,,
55138,Syringa vulgaris,,,,,,,,,,Generated Individual for Lilac data import,2013-11-19,,,,,,
55139,Syringa vulgaris,,,,,,,,,,Generated Individual for Lilac data import,2013-11-19,,,,,,
55140,Syringa vulgaris,,,,,,,,,,Generated Individual for Lilac data import,2013-11-19,,,,,,
55141,Syringa vulgaris,,,,,,,,,,Generated Individual for Lilac data import,2013-11-19,,,,,,
55142,Syringa vulgaris,,,,,,,,,,Generated Individual for Lilac data import,2013-11-19,,,,,,
55143,Syringa vulgaris,,,,,,,,,,Generated Individual for Lilac data import,2013-11-19,,,,,,
55144,Syringa vulgaris,,,,,,,,,,Generated Individual for Lilac data import,2013-11-19,,,,,,
55145,Syringa vulgaris,,,,,,,,,,Generated Individual for Lilac data import,2013-11-19,,,,,,
55146,Syringa vulgaris,,,,,,,,,,Generated Individual for Lilac data import,2013-11-19,,,,,,
55147,Syringa vulgaris,,,,,,,,,,Generated Individual for Lilac data import,2013-11-19,,,,,,
55148,Syringa vulgaris,,,,,,,,,,Generated Individual for Lilac data import,2013-11-19,,,,,,
55149,Syringa vulgaris,,,,,,,,,,Generated Individual for Lilac data import,2013-11-19,,,,,,
55150,Syringa vulgaris,,,,,,,,,,Generated Individual for Lilac data import,2013-11-19,,,,,,
55151,Syringa vulgaris,,,,,,,,,,Generated Individual for Lilac data import,2013-11-19,,,,,,
55152,Syringa vulgaris,,,,,,,,,,Generated Individual for Lilac data import,2013-11-19,,,,,,
55153,Syringa vulgaris,,,,,,,,,,Generated Individual for Lilac data import,2013-11-19,,,,,,
55154,Syringa vulgaris,,,,,,,,,,Generated Individual for Lilac data import,2013-11-19,,,,,,
55155,Syringa vulgaris,,,,,,,,,,Generated Individual for Lilac data import,2013-11-19,,,,,,
55156,Syringa vulgaris,,,,,,,,,,Generated Individual for Lilac data import,2013-11-19,,,,,,
55157,Syringa vulgaris,,,,,,,,,,Generated Individual for Lilac data import,2013-11-19,,,,,,
55158,Syringa vulgaris,,,,,,,,,,Generated Individual for Lilac data import,2013-11-19,,,,,,
55159,Syringa vulgaris,,,,,,,,,,Generated Individual for Lilac data import,2013-11-19,,,,,,
55160,Syringa vulgaris,,,,,,,,,,Generated Individual for Lilac data import,2013-11-19,,,,,,
55161,Syringa vulgaris,,,,,,,,,,Generated Individual for Lilac data import,2013-11-19,,,,,,
55162,Syringa vulgaris,,,,,,,,,,Generated Individual for Lilac data import,2013-11-19,,,,,,
55163,Syringa vulgaris,,,,,,,,,,Generated Individual for Lilac data import,2013-11-19,,,,,,
55164,Syringa vulgaris,,,,,,,,,,Generated Individual for Lilac data import,2013-11-19,,,,,,
55165,Syringa vulgaris,,,,,,,,,,Generated Individual for Lilac data import,2013-11-19,,,,,,
55166,Syringa vulgaris,,,,,,,,,,Generated Individual for Lilac data import,2013-11-19,,,,,,
55167,Syringa vulgaris,,,,,,,,,,Generated Individual for Lilac data import,2013-11-19,,,,,,
55168,Syringa vulgaris,,,,,,,,,,Generated Individual for Lilac data import,2013-11-19,,,,,,
55169,Syringa vulgaris,,,,,,,,,,Generated Individual for Lilac data import,2013-11-19,,,,,,
55171,Syringa vulgaris,,,,,,,,,,Generated Individual for Lilac data import,2013-11-19,,,,,,
55172,Syringa vulgaris,,,,,,,,,,Generated Individual for Lilac data import,2013-11-19,,,,,,
55173,Syringa vulgaris,,,,,,,,,,Generated Individual for Lilac data import,2013-11-19,,,,,,
55174,Syringa vulgaris,,,,,,,,,,Generated Individual for Lilac data import,2013-11-19,,,,,,
55175,Syringa vulgaris,,,,,,,,,,Generated Individual for Lilac data import,2013-11-19,,,,,,
55176,Syringa vulgaris,,,,,,,,,,Generated Individual for Lilac data import,2013-11-19,,,,,,
55177,Syringa vulgaris,,,,,,,,,,Generated Individual for Lilac data import,2013-11-19,,,,,,
55178,Syringa vulgaris,,,,,,,,,,Generated Individual for Lilac data import,2013-11-19,,,,,,
55179,Syringa vulgaris,,,,,,,,,,Generated Individual for Lilac data import,2013-11-19,,,,,,
55180,Syringa vulgaris,,,,,,,,,,Generated Individual for Lilac data import,2013-11-19,,,,,,
55181,Syringa vulgaris,,,,,,,,,,Generated Individual for Lilac data import,2013-11-19,,,,,,
55182,Syringa vulgaris,,,,,,,,,,Generated Individual for Lilac data import,2013-11-19,,,,,,
55183,Syringa vulgaris,,,,,,,,,,Generated Individual for Lilac data import,2013-11-19,,,,,,
55184,Syringa vulgaris,,,,,,,,,,Generated Individual for Lilac data import,2013-11-19,,,,,,
55185,Syringa vulgaris,,,,,,,,,,Generated Individual for Lilac data import,2013-11-19,,,,,,
55186,Syringa vulgaris,,,,,,,,,,Generated Individual for Lilac data import,2013-11-19,,,,,,
55187,Syringa vulgaris,,,,,,,,,,Generated Individual for Lilac data import,2013-11-19,,,,,,
55188,Syringa vulgaris,,,,,,,,,,Generated Individual for Lilac data import,2013-11-19,,,,,,
55189,Syringa vulgaris,,,,,,,,,,Generated Individual for Lilac data import,2013-11-19,,,,,,
55190,Syringa vulgaris,,,,,,,,,,Generated Individual for Lilac data import,2013-11-19,,,,,,
55191,Syringa vulgaris,,,,,,,,,,Generated Individual for Lilac data import,2013-11-19,,,,,,
55192,Syringa vulgaris,,,,,,,,,,Generated Individual for Lilac data import,2013-11-19,,,,,,
55193,Syringa vulgaris,,,,,,,,,,Generated Individual for Lilac data import,2013-11-19,,,,,,
55194,Syringa vulgaris,,,,,,,,,,Generated Individual for Lilac data import,2013-11-19,,,,,,
55195,Syringa vulgaris,,,,,,,,,,Generated Individual for Lilac data import,2013-11-19,,,,,,
55196,Syringa vulgaris,,,,,,,,,,Generated Individual for Lilac data import,2013-11-19,,,,,,
55197,Syringa vulgaris,,,,,,,,,,Generated Individual for Lilac data import,2013-11-19,,,,,,
55198,Syringa vulgaris,,,,,,,,,,Generated Individual for Lilac data import,2013-11-19,,,,,,
55199,Syringa vulgaris,,,,,,,,,,Generated Individual for Lilac data import,2013-11-19,,,,,,
55200,Syringa vulgaris,,,,,,,,,,Generated Individual for Lilac data import,2013-11-19,,,,,,
55201,Syringa vulgaris,,,,,,,,,,Generated Individual for Lilac data import,2013-11-19,,,,,,
55202,Syringa vulgaris,,,,,,,,,,Generated Individual for Lilac data import,2013-11-19,,,,,,
55203,Syringa vulgaris,,,,,,,,,,Generated Individual for Lilac data import,2013-11-19,,,,,,
55204,Syringa vulgaris,,,,,,,,,,Generated Individual for Lilac data import,2013-11-19,,,,,,
55205,Syringa vulgaris,,,,,,,,,,Generated Individual for Lilac data import,2013-11-19,,,,,,
55206,Syringa vulgaris,,,,,,,,,,Generated Individual for Lilac data import,2013-11-19,,,,,,
55207,Syringa vulgaris,,,,,,,,,,Generated Individual for Lilac data import,2013-11-19,,,,,,
55208,Syringa vulgaris,,,,,,,,,,Generated Individual for Lilac data import,2013-11-19,,,,,,
55209,Syringa vulgaris,,,,,,,,,,Generated Individual for Lilac data import,2013-11-19,,,,,,
55210,Syringa vulgaris,,,,,,,,,,Generated Individual for Lilac data import,2013-11-19,,,,,,
55211,Syringa vulgaris,,,,,,,,,,Generated Individual for Lilac data import,2013-11-19,,,,,,
55212,Syringa vulgaris,,,,,,,,,,Generated Individual for Lilac data import,2013-11-19,,,,,,
55213,Syringa vulgaris,,,,,,,,,,Generated Individual for Lilac data import,2013-11-19,,,,,,
55214,Syringa vulgaris,,,,,,,,,,Generated Individual for Lilac data import,2013-11-19,,,,,,
55215,Syringa vulgaris,,,,,,,,,,Generated Individual for Lilac data import,2013-11-19,,,,,,
55216,Syringa vulgaris,,,,,,,,,,Generated Individual for Lilac data import,2013-11-19,,,,,,
55217,Syringa vulgaris,,,,,,,,,,Generated Individual for Lilac data import,2013-11-19,,,,,,
55218,Syringa vulgaris,,,,,,,,,,Generated Individual for Lilac data import,2013-11-19,,,,,,
55219,Syringa vulgaris,,,,,,,,,,Generated Individual for Lilac data import,2013-11-19,,,,,,
55220,Syringa vulgaris,,,,,,,,,,Generated Individual for Lilac data import,2013-11-19,,,,,,
55221,Syringa vulgaris,,,,,,,,,,Generated Individual for Lilac data import,2013-11-19,,,,,,
55222,Syringa vulgaris,,,,,,,,,,Generated Individual for Lilac data import,2013-11-19,,,,,,
55223,Syringa vulgaris,,,,,,,,,,Generated Individual for Lilac data import,2013-11-19,,,,,,
55224,Syringa vulgaris,,,,,,,,,,Generated Individual for Lilac data import,2013-11-19,,,,,,
55225,Syringa vulgaris,,,,,,,,,,Generated Individual for Lilac data import,2013-11-19,,,,,,
55226,Syringa vulgaris,,,,,,,,,,Generated Individual for Lilac data import,2013-11-19,,,,,,
55227,Syringa vulgaris,,,,,,,,,,Generated Individual for Lilac data import,2013-11-19,,,,,,
55228,Syringa vulgaris,,,,,,,,,,Generated Individual for Lilac data import,2013-11-19,,,,,,
55229,Syringa vulgaris,,,,,,,,,,Generated Individual for Lilac data import,2013-11-19,,,,,,
55230,Syringa vulgaris,,,,,,,,,,Generated Individual for Lilac data import,2013-11-19,,,,,,
55231,Syringa vulgaris,,,,,,,,,,Generated Individual for Lilac data import,2013-11-19,,,,,,
55232,Syringa vulgaris,,,,,,,,,,Generated Individual for Lilac data import,2013-11-19,,,,,,
55233,Syringa vulgaris,,,,,,,,,,Generated Individual for Lilac data import,2013-11-19,,,,,,
55234,Syringa vulgaris,,,,,,,,,,Generated Individual for Lilac data import,2013-11-19,,,,,,
55235,Syringa vulgaris,,,,,,,,,,Generated Individual for Lilac data import,2013-11-19,,,,,,
55236,Syringa vulgaris,,,,,,,,,,Generated Individual for Lilac data import,2013-11-19,,,,,,
55237,Syringa vulgaris,,,,,,,,,,Generated Individual for Lilac data import,2013-11-19,,,,,,
55238,Syringa vulgaris,,,,,,,,,,Generated Individual for Lilac data import,2013-11-19,,,,,,
55239,Syringa vulgaris,,,,,,,,,,Generated Individual for Lilac data import,2013-11-19,,,,,,
55240,Syringa vulgaris,,,,,,,,,,Generated Individual for Lilac data import,2013-11-19,,,,,,
55241,Syringa vulgaris,,,,,,,,,,Generated Individual for Lilac data import,2013-11-19,,,,,,
55242,Syringa vulgaris,,,,,,,,,,Generated Individual for Lilac data import,2013-11-19,,,,,,
55243,Syringa vulgaris,,,,,,,,,,Generated Individual for Lilac data import,2013-11-19,,,,,,
55244,Syringa vulgaris,,,,,,,,,,Generated Individual for Lilac data import,2013-11-19,,,,,,
55245,Syringa vulgaris,,,,,,,,,,Generated Individual for Lilac data import,2013-11-19,,,,,,
55246,Syringa vulgaris,,,,,,,,,,Generated Individual for Lilac data import,2013-11-19,,,,,,
55247,Syringa vulgaris,,,,,,,,,,Generated Individual for Lilac data import,2013-11-19,,,,,,
55248,Syringa vulgaris,,,,,,,,,,Generated Individual for Lilac data import,2013-11-19,,,,,,
55249,Syringa vulgaris,,,,,,,,,,Generated Individual for Lilac data import,2013-11-19,,,,,,
55250,Syringa vulgaris,,,,,,,,,,Generated Individual for Lilac data import,2013-11-19,,,,,,
55251,Syringa vulgaris,,,,,,,,,,Generated Individual for Lilac data import,2013-11-19,,,,,,
55252,Syringa vulgaris,,,,,,,,,,Generated Individual for Lilac data import,2013-11-19,,,,,,
55253,Syringa vulgaris,,,,,,,,,,Generated Individual for Lilac data import,2013-11-19,,,,,,
55254,Syringa vulgaris,,,,,,,,,,Generated Individual for Lilac data import,2013-11-19,,,,,,
55255,Syringa vulgaris,,,,,,,,,,Generated Individual for Lilac data import,2013-11-19,,,,,,
55256,Syringa vulgaris,,,,,,,,,,Generated Individual for Lilac data import,2013-11-19,,,,,,
55257,Syringa vulgaris,,,,,,,,,,Generated Individual for Lilac data import,2013-11-19,,,,,,
55258,Syringa vulgaris,,,,,,,,,,Generated Individual for Lilac data import,2013-11-19,,,,,,
55259,Syringa vulgaris,,,,,,,,,,Generated Individual for Lilac data import,2013-11-19,,,,,,
55260,Syringa vulgaris,,,,,,,,,,Generated Individual for Lilac data import,2013-11-19,,,,,,
55261,Syringa vulgaris,,,,,,,,,,Generated Individual for Lilac data import,2013-11-19,,,,,,
55262,Syringa vulgaris,,,,,,,,,,Generated Individual for Lilac data import,2013-11-19,,,,,,
55263,Syringa vulgaris,,,,,,,,,,Generated Individual for Lilac data import,2013-11-19,,,,,,
55264,Syringa vulgaris,,,,,,,,,,Generated Individual for Lilac data import,2013-11-19,,,,,,
55265,Syringa vulgaris,,,,,,,,,,Generated Individual for Lilac data import,2013-11-19,,,,,,
55266,Syringa vulgaris,,,,,,,,,,Generated Individual for Lilac data import,2013-11-19,,,,,,
55267,Syringa vulgaris,,,,,,,,,,Generated Individual for Lilac data import,2013-11-19,,,,,,
55268,Syringa vulgaris,,,,,,,,,,Generated Individual for Lilac data import,2013-11-19,,,,,,
55269,Syringa vulgaris,,,,,,,,,,Generated Individual for Lilac data import,2013-11-19,,,,,,
55270,Syringa vulgaris,,,,,,,,,,Generated Individual for Lilac data import,2013-11-19,,,,,,
55271,Syringa vulgaris,,,,,,,,,,Generated Individual for Lilac data import,2013-11-19,,,,,,
55272,Syringa vulgaris,,,,,,,,,,Generated Individual for Lilac data import,2013-11-19,,,,,,
55273,Syringa vulgaris,,,,,,,,,,Generated Individual for Lilac data import,2013-11-19,,,,,,
55274,Syringa vulgaris,,,,,,,,,,Generated Individual for Lilac data import,2013-11-19,,,,,,
55275,Syringa vulgaris,,,,,,,,,,Generated Individual for Lilac data import,2013-11-19,,,,,,
55276,Syringa vulgaris,,,,,,,,,,Generated Individual for Lilac data import,2013-11-19,,,,,,
55277,Syringa vulgaris,,,,,,,,,,Generated Individual for Lilac data import,2013-11-19,,,,,,
55278,Syringa vulgaris,,,,,,,,,,Generated Individual for Lilac data import,2013-11-19,,,,,,
55279,Syringa vulgaris,,,,,,,,,,Generated Individual for Lilac data import,2013-11-19,,,,,,
55280,Syringa vulgaris,,,,,,,,,,Generated Individual for Lilac data import,2013-11-19,,,,,,
55281,Syringa vulgaris,,,,,,,,,,Generated Individual for Lilac data import,2013-11-19,,,,,,
55282,Syringa vulgaris,,,,,,,,,,Generated Individual for Lilac data import,2013-11-19,,,,,,
55283,Syringa vulgaris,,,,,,,,,,Generated Individual for Lilac data import,2013-11-19,,,,,,
55284,Syringa vulgaris,,,,,,,,,,Generated Individual for Lilac data import,2013-11-19,,,,,,
55285,Syringa vulgaris,,,,,,,,,,Generated Individual for Lilac data import,2013-11-19,,,,,,
55286,Syringa vulgaris,,,,,,,,,,Generated Individual for Lilac data import,2013-11-19,,,,,,
55287,Syringa vulgaris,,,,,,,,,,Generated Individual for Lilac data import,2013-11-19,,,,,,
55288,Syringa vulgaris,,,,,,,,,,Generated Individual for Lilac data import,2013-11-19,,,,,,
55289,Syringa vulgaris,,,,,,,,,,Generated Individual for Lilac data import,2013-11-19,,,,,,
55290,Syringa vulgaris,,,,,,,,,,Generated Individual for Lilac data import,2013-11-19,,,,,,
55291,Syringa vulgaris,,,,,,,,,,Generated Individual for Lilac data import,2013-11-19,,,,,,
55292,Syringa vulgaris,,,,,,,,,,Generated Individual for Lilac data import,2013-11-19,,,,,,
55293,Syringa vulgaris,,,,,,,,,,Generated Individual for Lilac data import,2013-11-19,,,,,,
55294,Syringa vulgaris,,,,,,,,,,Generated Individual for Lilac data import,2013-11-19,,,,,,
55295,Syringa vulgaris,,,,,,,,,,Generated Individual for Lilac data import,2013-11-19,,,,,,
55296,Syringa vulgaris,,,,,,,,,,Generated Individual for Lilac data import,2013-11-19,,,,,,
55297,Syringa vulgaris,,,,,,,,,,Generated Individual for Lilac data import,2013-11-19,,,,,,
55298,Syringa vulgaris,,,,,,,,,,Generated Individual for Lilac data import,2013-11-19,,,,,,
55299,Syringa vulgaris,,,,,,,,,,Generated Individual for Lilac data import,2013-11-19,,,,,,
55300,Syringa vulgaris,,,,,,,,,,Generated Individual for Lilac data import,2013-11-19,,,,,,
55301,Syringa vulgaris,,,,,,,,,,Generated Individual for Lilac data import,2013-11-19,,,,,,
55302,Syringa vulgaris,,,,,,,,,,Generated Individual for Lilac data import,2013-11-19,,,,,,
55303,Syringa vulgaris,,,,,,,,,,Generated Individual for Lilac data import,2013-11-19,,,,,,
55304,Syringa vulgaris,,,,,,,,,,Generated Individual for Lilac data import,2013-11-19,,,,,,
55305,Syringa vulgaris,,,,,,,,,,Generated Individual for Lilac data import,2013-11-19,,,,,,
55306,Syringa vulgaris,,,,,,,,,,Generated Individual for Lilac data import,2013-11-19,,,,,,
55307,Syringa vulgaris,,,,,,,,,,Generated Individual for Lilac data import,2013-11-19,,,,,,
55308,Syringa vulgaris,,,,,,,,,,Generated Individual for Lilac data import,2013-11-19,,,,,,
55309,Syringa vulgaris,,,,,,,,,,Generated Individual for Lilac data import,2013-11-19,,,,,,
55310,Syringa vulgaris,,,,,,,,,,Generated Individual for Lilac data import,2013-11-19,,,,,,
55311,Syringa vulgaris,,,,,,,,,,Generated Individual for Lilac data import,2013-11-19,,,,,,
55312,Syringa vulgaris,,,,,,,,,,Generated Individual for Lilac data import,2013-11-19,,,,,,
55313,Syringa vulgaris,,,,,,,,,,Generated Individual for Lilac data import,2013-11-19,,,,,,
55315,Syringa vulgaris,,,,,,,,,,Generated Individual for Lilac data import,2013-11-19,,,,,,
55316,Syringa vulgaris,,,,,,,,,,Generated Individual for Lilac data import,2013-11-19,,,,,,
55317,Syringa vulgaris,,,,,,,,,,Generated Individual for Lilac data import,2013-11-19,,,,,,
55318,Syringa vulgaris,,,,,,,,,,Generated Individual for Lilac data import,2013-11-19,,,,,,
55319,Syringa vulgaris,,,,,,,,,,Generated Individual for Lilac data import,2013-11-19,,,,,,
55320,Syringa vulgaris,,,,,,,,,,Generated Individual for Lilac data import,2013-11-19,,,,,,
55321,Syringa vulgaris,,,,,,,,,,Generated Individual for Lilac data import,2013-11-19,,,,,,
55322,Syringa vulgaris,,,,,,,,,,Generated Individual for Lilac data import,2013-11-19,,,,,,
55323,Syringa vulgaris,,,,,,,,,,Generated Individual for Lilac data import,2013-11-19,,,,,,
55324,Syringa vulgaris,,,,,,,,,,Generated Individual for Lilac data import,2013-11-19,,,,,,
55325,Syringa vulgaris,,,,,,,,,,Generated Individual for Lilac data import,2013-11-19,,,,,,
55326,Syringa vulgaris,,,,,,,,,,Generated Individual for Lilac data import,2013-11-19,,,,,,
55327,Syringa vulgaris,,,,,,,,,,Generated Individual for Lilac data import,2013-11-19,,,,,,
55328,Syringa vulgaris,,,,,,,,,,Generated Individual for Lilac data import,2013-11-19,,,,,,
55329,Syringa vulgaris,,,,,,,,,,Generated Individual for Lilac data import,2013-11-19,,,,,,
55330,Syringa vulgaris,,,,,,,,,,Generated Individual for Lilac data import,2013-11-19,,,,,,
55331,Syringa vulgaris,,,,,,,,,,Generated Individual for Lilac data import,2013-11-19,,,,,,
55332,Syringa vulgaris,,,,,,,,,,Generated Individual for Lilac data import,2013-11-19,,,,,,
55333,Syringa vulgaris,,,,,,,,,,Generated Individual for Lilac data import,2013-11-19,,,,,,
55334,Syringa vulgaris,,,,,,,,,,Generated Individual for Lilac data import,2013-11-19,,,,,,
55335,Syringa vulgaris,,,,,,,,,,Generated Individual for Lilac data import,2013-11-19,,,,,,
55336,Syringa vulgaris,,,,,,,,,,Generated Individual for Lilac data import,2013-11-19,,,,,,
55337,Syringa vulgaris,,,,,,,,,,Generated Individual for Lilac data import,2013-11-19,,,,,,
55338,Syringa vulgaris,,,,,,,,,,Generated Individual for Lilac data import,2013-11-19,,,,,,
55339,Syringa vulgaris,,,,,,,,,,Generated Individual for Lilac data import,2013-11-19,,,,,,
55340,Syringa vulgaris,,,,,,,,,,Generated Individual for Lilac data import,2013-11-19,,,,,,
55341,Syringa vulgaris,,,,,,,,,,Generated Individual for Lilac data import,2013-11-19,,,,,,
55342,Syringa vulgaris,,,,,,,,,,Generated Individual for Lilac data import,2013-11-19,,,,,,
55343,Syringa vulgaris,,,,,,,,,,Generated Individual for Lilac data import,2013-11-19,,,,,,
55344,Syringa vulgaris,,,,,,,,,,Generated Individual for Lilac data import,2013-11-19,,,,,,
55345,Syringa vulgaris,,,,,,,,,,Generated Individual for Lilac data import,2013-11-19,,,,,,
55346,Syringa vulgaris,,,,,,,,,,Generated Individual for Lilac data import,2013-11-19,,,,,,
55347,Syringa vulgaris,,,,,,,,,,Generated Individual for Lilac data import,2013-11-19,,,,,,
55348,Syringa vulgaris,,,,,,,,,,Generated Individual for Lilac data import,2013-11-19,,,,,,
55349,Syringa vulgaris,,,,,,,,,,Generated Individual for Lilac data import,2013-11-19,,,,,,
55350,Syringa vulgaris,,,,,,,,,,Generated Individual for Lilac data import,2013-11-19,,,,,,
55351,Syringa vulgaris,,,,,,,,,,Generated Individual for Lilac data import,2013-11-19,,,,,,
55352,Syringa vulgaris,,,,,,,,,,Generated Individual for Lilac data import,2013-11-19,,,,,,
55353,Syringa vulgaris,,,,,,,,,,Generated Individual for Lilac data import,2013-11-19,,,,,,
55354,Syringa vulgaris,,,,,,,,,,Generated Individual for Lilac data import,2013-11-19,,,,,,
55355,Syringa vulgaris,,,,,,,,,,Generated Individual for Lilac data import,2013-11-19,,,,,,
55356,Syringa vulgaris,,,,,,,,,,Generated Individual for Lilac data import,2013-11-19,,,,,,
55357,Syringa vulgaris,,,,,,,,,,Generated Individual for Lilac data import,2013-11-19,,,,,,
55358,Syringa vulgaris,,,,,,,,,,Generated Individual for Lilac data import,2013-11-19,,,,,,
55359,Syringa vulgaris,,,,,,,,,,Generated Individual for Lilac data import,2013-11-19,,,,,,
55360,Syringa vulgaris,,,,,,,,,,Generated Individual for Lilac data import,2013-11-19,,,,,,
55361,Syringa vulgaris,,,,,,,,,,Generated Individual for Lilac data import,2013-11-19,,,,,,
55362,Syringa vulgaris,,,,,,,,,,Generated Individual for Lilac data import,2013-11-19,,,,,,
55363,Syringa vulgaris,,,,,,,,,,Generated Individual for Lilac data import,2013-11-19,,,,,,
55364,Syringa vulgaris,,,,,,,,,,Generated Individual for Lilac data import,2013-11-19,,,,,,
55365,Syringa vulgaris,,,,,,,,,,Generated Individual for Lilac data import,2013-11-19,,,,,,
55366,Syringa vulgaris,,,,,,,,,,Generated Individual for Lilac data import,2013-11-19,,,,,,
55367,Syringa vulgaris,,,,,,,,,,Generated Individual for Lilac data import,2013-11-19,,,,,,
55368,Syringa vulgaris,,,,,,,,,,Generated Individual for Lilac data import,2013-11-19,,,,,,
55369,Syringa vulgaris,,,,,,,,,,Generated Individual for Lilac data import,2013-11-19,,,,,,
55370,Syringa vulgaris,,,,,,,,,,Generated Individual for Lilac data import,2013-11-19,,,,,,
55371,Syringa vulgaris,,,,,,,,,,Generated Individual for Lilac data import,2013-11-19,,,,,,
55372,Syringa vulgaris,,,,,,,,,,Generated Individual for Lilac data import,2013-11-19,,,,,,
55373,Syringa vulgaris,,,,,,,,,,Generated Individual for Lilac data import,2013-11-19,,,,,,
55374,Syringa vulgaris,,,,,,,,,,Generated Individual for Lilac data import,2013-11-19,,,,,,
55375,Syringa vulgaris,,,,,,,,,,Generated Individual for Lilac data import,2013-11-19,,,,,,
55376,Syringa vulgaris,,,,,,,,,,Generated Individual for Lilac data import,2013-11-19,,,,,,
55377,Syringa vulgaris,,,,,,,,,,Generated Individual for Lilac data import,2013-11-19,,,,,,
55378,Syringa vulgaris,,,,,,,,,,Generated Individual for Lilac data import,2013-11-19,,,,,,
55379,Syringa vulgaris,,,,,,,,,,Generated Individual for Lilac data import,2013-11-19,,,,,,
55380,Syringa vulgaris,,,,,,,,,,Generated Individual for Lilac data import,2013-11-19,,,,,,
55381,Syringa vulgaris,,,,,,,,,,Generated Individual for Lilac data import,2013-11-19,,,,,,
55650,Syringa vulgaris,,,,,,,,,,Generated Individual for Lilac data import,2013-11-19,,,,,,
56032,Syringa vulgaris,,,,,,,,,,Generated Individual for Lilac data import,2013-11-19,,,,,,
56034,Syringa vulgaris,,,,,,,,,,Generated Individual for Lilac data import,2013-11-19,,,,,,
56035,Syringa vulgaris,,,,,,,,,,Generated Individual for Lilac data import,2013-11-19,,,,,,
56037,Syringa vulgaris,,,,,,,,,,Generated Individual for Lilac data import,2013-11-19,,,,,,
56038,Syringa vulgaris,,,,,,,,,,Generated Individual for Lilac data import,2013-11-19,,,,,,
56039,Syringa vulgaris,,,,,,,,,,Generated Individual for Lilac data import,2013-11-19,,,,,,
56040,Syringa vulgaris,,,,,,,,,,Generated Individual for Lilac data import,2013-11-19,,,,,,
56075,Syringa chinensis,,,,,,,,,,Generated Individual for Lilac data import,2013-11-19,,,,,,
56076,Syringa chinensis,,,,,,,,,,Generated Individual for Lilac data import,2013-11-19,,,,,,
56077,Syringa chinensis,,,,,,,,,,Generated Individual for Lilac data import,2013-11-19,,,,,,
56078,Syringa chinensis,,,,,,,,,,Generated Individual for Lilac data import,2013-11-19,,,,,,
56079,Syringa chinensis,,,,,,,,,,Generated Individual for Lilac data import,2013-11-19,,,,,,
56080,Syringa chinensis,,,,,,,,,,Generated Individual for Lilac data import,2013-11-19,,,,,,
56081,Syringa chinensis,,,,,,,,,,Generated Individual for Lilac data import,2013-11-19,,,,,,
56082,Syringa chinensis,,,,,,,,,,Generated Individual for Lilac data import,2013-11-19,,,,,,
58456,Lonicera tatarica-arnoldred,,,,,,,,,,Generated Individual for Honeysuckle data import,2013-11-19,,,,,,
58458,Lonicera tatarica-arnoldred,,,,,,,,,,Generated Individual for Honeysuckle data import,2013-11-19,,,,,,
58459,Lonicera tatarica-arnoldred,,,,,,,,,,Generated Individual for Honeysuckle data import,2013-11-19,,,,,,
58460,Lonicera tatarica-arnoldred,,,,,,,,,,Generated Individual for Honeysuckle data import,2013-11-19,,,,,,
58461,Lonicera tatarica-arnoldred,,,,,,,,,,Generated Individual for Honeysuckle data import,2013-11-19,,,,,,
58462,Lonicera tatarica-arnoldred,,,,,,,,,,Generated Individual for Honeysuckle data import,2013-11-19,,,,,,
58463,Lonicera tatarica-arnoldred,,,,,,,,,,Generated Individual for Honeysuckle data import,2013-11-19,,,,,,
58465,Lonicera tatarica-arnoldred,,,,,,,,,,Generated Individual for Honeysuckle data import,2013-11-19,,,,,,
58466,Lonicera tatarica-arnoldred,,,,,,,,,,Generated Individual for Honeysuckle data import,2013-11-19,,,,,,
58467,Lonicera tatarica-arnoldred,,,,,,,,,,Generated Individual for Honeysuckle data import,2013-11-19,,,,,,
58469,Lonicera tatarica-arnoldred,,,,,,,,,,Generated Individual for Honeysuckle data import,2013-11-19,,,,,,
58470,Lonicera tatarica-arnoldred,,,,,,,,,,Generated Individual for Honeysuckle data import,2013-11-19,,,,,,
58474,Lonicera tatarica-arnoldred,,,,,,,,,,Generated Individual for Honeysuckle data import,2013-11-19,,,,,,
58475,Lonicera tatarica-arnoldred,,,,,,,,,,Generated Individual for Honeysuckle data import,2013-11-19,,,,,,
58477,Lonicera tatarica-arnoldred,,,,,,,,,,Generated Individual for Honeysuckle data import,2013-11-19,,,,,,
58478,Lonicera tatarica-arnoldred,,,,,,,,,,Generated Individual for Honeysuckle data import,2013-11-19,,,,,,
58480,Lonicera tatarica-arnoldred,,,,,,,,,,Generated Individual for Honeysuckle data import,2013-11-19,,,,,,
58482,Lonicera tatarica-arnoldred,,,,,,,,,,Generated Individual for Honeysuckle data import,2013-11-19,,,,,,
58483,Lonicera tatarica-arnoldred,,,,,,,,,,Generated Individual for Honeysuckle data import,2013-11-19,,,,,,
58484,Lonicera tatarica-arnoldred,,,,,,,,,,Generated Individual for Honeysuckle data import,2013-11-19,,,,,,
58485,Lonicera tatarica-arnoldred,,,,,,,,,,Generated Individual for Honeysuckle data import,2013-11-19,,,,,,
58486,Lonicera tatarica-arnoldred,,,,,,,,,,Generated Individual for Honeysuckle data import,2013-11-19,,,,,,
58487,Lonicera tatarica-arnoldred,,,,,,,,,,Generated Individual for Honeysuckle data import,2013-11-19,,,,,,
58489,Lonicera tatarica-arnoldred,,,,,,,,,,Generated Individual for Honeysuckle data import,2013-11-19,,,,,,
58490,Lonicera tatarica-arnoldred,,,,,,,,,,Generated Individual for Honeysuckle data import,2013-11-19,,,,,,
58491,Lonicera tatarica-arnoldred,,,,,,,,,,Generated Individual for Honeysuckle data import,2013-11-19,,,,,,
58492,Lonicera tatarica-arnoldred,,,,,,,,,,Generated Individual for Honeysuckle data import,2013-11-19,,,,,,
58493,Lonicera tatarica-arnoldred,,,,,,,,,,Generated Individual for Honeysuckle data import,2013-11-19,,,,,,
58498,Lonicera tatarica-arnoldred,,,,,,,,,,Generated Individual for Honeysuckle data import,2013-11-19,,,,,,
58499,Lonicera tatarica-arnoldred,,,,,,,,,,Generated Individual for Honeysuckle data import,2013-11-19,,,,,,
58500,Lonicera tatarica-arnoldred,,,,,,,,,,Generated Individual for Honeysuckle data import,2013-11-19,,,,,,
58501,Lonicera tatarica-arnoldred,,,,,,,,,,Generated Individual for Honeysuckle data import,2013-11-19,,,,,,
58502,Lonicera tatarica-arnoldred,,,,,,,,,,Generated Individual for Honeysuckle data import,2013-11-19,,,,,,
58503,Lonicera tatarica-arnoldred,,,,,,,,,,Generated Individual for Honeysuckle data import,2013-11-19,,,,,,
58504,Lonicera tatarica-arnoldred,,,,,,,,,,Generated Individual for Honeysuckle data import,2013-11-19,,,,,,
58505,Lonicera tatarica-arnoldred,,,,,,,,,,Generated Individual for Honeysuckle data import,2013-11-19,,,,,,
58506,Lonicera tatarica-arnoldred,,,,,,,,,,Generated Individual for Honeysuckle data import,2013-11-19,,,,,,
58507,Lonicera tatarica-arnoldred,,,,,,,,,,Generated Individual for Honeysuckle data import,2013-11-19,,,,,,
58508,Lonicera tatarica-arnoldred,,,,,,,,,,Generated Individual for Honeysuckle data import,2013-11-19,,,,,,
58509,Lonicera tatarica-arnoldred,,,,,,,,,,Generated Individual for Honeysuckle data import,2013-11-19,,,,,,
58510,Lonicera tatarica-arnoldred,,,,,,,,,,Generated Individual for Honeysuckle data import,2013-11-19,,,,,,
58511,Lonicera tatarica-arnoldred,,,,,,,,,,Generated Individual for Honeysuckle data import,2013-11-19,,,,,,
58512,Lonicera tatarica-arnoldred,,,,,,,,,,Generated Individual for Honeysuckle data import,2013-11-19,,,,,,
58515,Lonicera tatarica-arnoldred,,,,,,,,,,Generated Individual for Honeysuckle data import,2013-11-19,,,,,,
58516,Lonicera tatarica-arnoldred,,,,,,,,,,Generated Individual for Honeysuckle data import,2013-11-19,,,,,,
58517,Lonicera tatarica-arnoldred,,,,,,,,,,Generated Individual for Honeysuckle data import,2013-11-19,,,,,,
58518,Lonicera tatarica-arnoldred,,,,,,,,,,Generated Individual for Honeysuckle data import,2013-11-19,,,,,,
58519,Lonicera tatarica-arnoldred,,,,,,,,,,Generated Individual for Honeysuckle data import,2013-11-19,,,,,,
58520,Lonicera tatarica-arnoldred,,,,,,,,,,Generated Individual for Honeysuckle data import,2013-11-19,,,,,,
58521,Lonicera tatarica-arnoldred,,,,,,,,,,Generated Individual for Honeysuckle data import,2013-11-19,,,,,,
58526,Lonicera tatarica-arnoldred,,,,,,,,,,Generated Individual for Honeysuckle data import,2013-11-19,,,,,,
58528,Lonicera tatarica-arnoldred,,,,,,,,,,Generated Individual for Honeysuckle data import,2013-11-19,,,,,,
58530,Lonicera tatarica-arnoldred,,,,,,,,,,Generated Individual for Honeysuckle data import,2013-11-19,,,,,,
58531,Lonicera tatarica-arnoldred,,,,,,,,,,Generated Individual for Honeysuckle data import,2013-11-19,,,,,,
58532,Lonicera tatarica-arnoldred,,,,,,,,,,Generated Individual for Honeysuckle data import,2013-11-19,,,,,,
58533,Lonicera tatarica-arnoldred,,,,,,,,,,Generated Individual for Honeysuckle data import,2013-11-19,,,,,,
58534,Lonicera tatarica-arnoldred,,,,,,,,,,Generated Individual for Honeysuckle data import,2013-11-19,,,,,,
58536,Lonicera tatarica-arnoldred,,,,,,,,,,Generated Individual for Honeysuckle data import,2013-11-19,,,,,,
58537,Lonicera tatarica-arnoldred,,,,,,,,,,Generated Individual for Honeysuckle data import,2013-11-19,,,,,,
58538,Lonicera tatarica-arnoldred,,,,,,,,,,Generated Individual for Honeysuckle data import,2013-11-19,,,,,,
58539,Lonicera tatarica-arnoldred,,,,,,,,,,Generated Individual for Honeysuckle data import,2013-11-19,,,,,,
58540,Lonicera tatarica-arnoldred,,,,,,,,,,Generated Individual for Honeysuckle data import,2013-11-19,,,,,,
58541,Lonicera tatarica-arnoldred,,,,,,,,,,Generated Individual for Honeysuckle data import,2013-11-19,,,,,,
58542,Lonicera tatarica-arnoldred,,,,,,,,,,Generated Individual for Honeysuckle data import,2013-11-19,,,,,,
58543,Lonicera tatarica-arnoldred,,,,,,,,,,Generated Individual for Honeysuckle data import,2013-11-19,,,,,,
58544,Lonicera tatarica-arnoldred,,,,,,,,,,Generated Individual for Honeysuckle data import,2013-11-19,,,,,,
58545,Lonicera tatarica-arnoldred,,,,,,,,,,Generated Individual for Honeysuckle data import,2013-11-19,,,,,,
58546,Lonicera tatarica-arnoldred,,,,,,,,,,Generated Individual for Honeysuckle data import,2013-11-19,,,,,,
58547,Lonicera tatarica-arnoldred,,,,,,,,,,Generated Individual for Honeysuckle data import,2013-11-19,,,,,,
58548,Lonicera tatarica-arnoldred,,,,,,,,,,Generated Individual for Honeysuckle data import,2013-11-19,,,,,,
58549,Lonicera tatarica-arnoldred,,,,,,,,,,Generated Individual for Honeysuckle data import,2013-11-19,,,,,,
58550,Lonicera tatarica-arnoldred,,,,,,,,,,Generated Individual for Honeysuckle data import,2013-11-19,,,,,,
58551,Lonicera tatarica-arnoldred,,,,,,,,,,Generated Individual for Honeysuckle data import,2013-11-19,,,,,,
58552,Lonicera tatarica-arnoldred,,,,,,,,,,Generated Individual for Honeysuckle data import,2013-11-19,,,,,,
58553,Lonicera tatarica-arnoldred,,,,,,,,,,Generated Individual for Honeysuckle data import,2013-11-19,,,,,,
58554,Lonicera tatarica-arnoldred,,,,,,,,,,Generated Individual for Honeysuckle data import,2013-11-19,,,,,,
58555,Lonicera tatarica-arnoldred,,,,,,,,,,Generated Individual for Honeysuckle data import,2013-11-19,,,,,,
58556,Lonicera tatarica-arnoldred,,,,,,,,,,Generated Individual for Honeysuckle data import,2013-11-19,,,,,,
58558,Lonicera tatarica-arnoldred,,,,,,,,,,Generated Individual for Honeysuckle data import,2013-11-19,,,,,,
58559,Lonicera tatarica-arnoldred,,,,,,,,,,Generated Individual for Honeysuckle data import,2013-11-19,,,,,,
58562,Lonicera tatarica-arnoldred,,,,,,,,,,Generated Individual for Honeysuckle data import,2013-11-19,,,,,,
58563,Lonicera tatarica-arnoldred,,,,,,,,,,Generated Individual for Honeysuckle data import,2013-11-19,,,,,,
58564,Lonicera tatarica-arnoldred,,,,,,,,,,Generated Individual for Honeysuckle data import,2013-11-19,,,,,,
58565,Lonicera tatarica-arnoldred,,,,,,,,,,Generated Individual for Honeysuckle data import,2013-11-19,,,,,,
58566,Lonicera tatarica-arnoldred,,,,,,,,,,Generated Individual for Honeysuckle data import,2013-11-19,,,,,,
58567,Lonicera tatarica-arnoldred,,,,,,,,,,Generated Individual for Honeysuckle data import,2013-11-19,,,,,,
58568,Lonicera tatarica-arnoldred,,,,,,,,,,Generated Individual for Honeysuckle data import,2013-11-19,,,,,,
58569,Lonicera tatarica-arnoldred,,,,,,,,,,Generated Individual for Honeysuckle data import,2013-11-19,,,,,,
58570,Lonicera tatarica-arnoldred,,,,,,,,,,Generated Individual for Honeysuckle data import,2013-11-19,,,,,,
58571,Lonicera tatarica-arnoldred,,,,,,,,,,Generated Individual for Honeysuckle data import,2013-11-19,,,,,,
58572,Lonicera tatarica-arnoldred,,,,,,,,,,Generated Individual for Honeysuckle data import,2013-11-19,,,,,,
58573,Lonicera tatarica-arnoldred,,,,,,,,,,Generated Individual for Honeysuckle data import,2013-11-19,,,,,,
58574,Lonicera tatarica-arnoldred,,,,,,,,,,Generated Individual for Honeysuckle data import,2013-11-19,,,,,,
58575,Lonicera tatarica-arnoldred,,,,,,,,,,Generated Individual for Honeysuckle data import,2013-11-19,,,,,,
58576,Lonicera tatarica-arnoldred,,,,,,,,,,Generated Individual for Honeysuckle data import,2013-11-19,,,,,,
58577,Lonicera tatarica-arnoldred,,,,,,,,,,Generated Individual for Honeysuckle data import,2013-11-19,,,,,,
58579,Lonicera tatarica-arnoldred,,,,,,,,,,Generated Individual for Honeysuckle data import,2013-11-19,,,,,,
58580,Lonicera tatarica-arnoldred,,,,,,,,,,Generated Individual for Honeysuckle data import,2013-11-19,,,,,,
58581,Lonicera tatarica-arnoldred,,,,,,,,,,Generated Individual for Honeysuckle data import,2013-11-19,,,,,,
58582,Lonicera tatarica-arnoldred,,,,,,,,,,Generated Individual for Honeysuckle data import,2013-11-19,,,,,,
58583,Lonicera tatarica-arnoldred,,,,,,,,,,Generated Individual for Honeysuckle data import,2013-11-19,,,,,,
58584,Lonicera tatarica-arnoldred,,,,,,,,,,Generated Individual for Honeysuckle data import,2013-11-19,,,,,,
58587,Lonicera tatarica-arnoldred,,,,,,,,,,Generated Individual for Honeysuckle data import,2013-11-19,,,,,,
58588,Lonicera tatarica-arnoldred,,,,,,,,,,Generated Individual for Honeysuckle data import,2013-11-19,,,,,,
58589,Lonicera tatarica-arnoldred,,,,,,,,,,Generated Individual for Honeysuckle data import,2013-11-19,,,,,,
58590,Lonicera tatarica-arnoldred,,,,,,,,,,Generated Individual for Honeysuckle data import,2013-11-19,,,,,,
58592,Lonicera tatarica-arnoldred,,,,,,,,,,Generated Individual for Honeysuckle data import,2013-11-19,,,,,,
58594,Lonicera tatarica-arnoldred,,,,,,,,,,Generated Individual for Honeysuckle data import,2013-11-19,,,,,,
58595,Lonicera tatarica-arnoldred,,,,,,,,,,Generated Individual for Honeysuckle data import,2013-11-19,,,,,,
58596,Lonicera tatarica-arnoldred,,,,,,,,,,Generated Individual for Honeysuckle data import,2013-11-19,,,,,,
58597,Lonicera tatarica-arnoldred,,,,,,,,,,Generated Individual for Honeysuckle data import,2013-11-19,,,,,,
58598,Lonicera tatarica-arnoldred,,,,,,,,,,Generated Individual for Honeysuckle data import,2013-11-19,,,,,,
58599,Lonicera tatarica-arnoldred,,,,,,,,,,Generated Individual for Honeysuckle data import,2013-11-19,,,,,,
58600,Lonicera tatarica-arnoldred,,,,,,,,,,Generated Individual for Honeysuckle data import,2013-11-19,,,,,,
58601,Lonicera tatarica-arnoldred,,,,,,,,,,Generated Individual for Honeysuckle data import,2013-11-19,,,,,,
58602,Lonicera tatarica-arnoldred,,,,,,,,,,Generated Individual for Honeysuckle data import,2013-11-19,,,,,,
58603,Lonicera tatarica-arnoldred,,,,,,,,,,Generated Individual for Honeysuckle data import,2013-11-19,,,,,,
58604,Lonicera tatarica-arnoldred,,,,,,,,,,Generated Individual for Honeysuckle data import,2013-11-19,,,,,,
58605,Lonicera tatarica-arnoldred,,,,,,,,,,Generated Individual for Honeysuckle data import,2013-11-19,,,,,,
58607,Lonicera tatarica-arnoldred,,,,,,,,,,Generated Individual for Honeysuckle data import,2013-11-19,,,,,,
58608,Lonicera tatarica-arnoldred,,,,,,,,,,Generated Individual for Honeysuckle data import,2013-11-19,,,,,,
58609,Lonicera tatarica-arnoldred,,,,,,,,,,Generated Individual for Honeysuckle data import,2013-11-19,,,,,,
58611,Lonicera tatarica-arnoldred,,,,,,,,,,Generated Individual for Honeysuckle data import,2013-11-19,,,,,,
58612,Lonicera tatarica-arnoldred,,,,,,,,,,Generated Individual for Honeysuckle data import,2013-11-19,,,,,,
58613,Lonicera tatarica-arnoldred,,,,,,,,,,Generated Individual for Honeysuckle data import,2013-11-19,,,,,,
58614,Lonicera tatarica-arnoldred,,,,,,,,,,Generated Individual for Honeysuckle data import,2013-11-19,,,,,,
58615,Lonicera tatarica-arnoldred,,,,,,,,,,Generated Individual for Honeysuckle data import,2013-11-19,,,,,,
58616,Lonicera tatarica-arnoldred,,,,,,,,,,Generated Individual for Honeysuckle data import,2013-11-19,,,,,,
58618,Lonicera tatarica-arnoldred,,,,,,,,,,Generated Individual for Honeysuckle data import,2013-11-19,,,,,,
58619,Lonicera tatarica-arnoldred,,,,,,,,,,Generated Individual for Honeysuckle data import,2013-11-19,,,,,,
58620,Lonicera tatarica-arnoldred,,,,,,,,,,Generated Individual for Honeysuckle data import,2013-11-19,,,,,,
58621,Lonicera tatarica-arnoldred,,,,,,,,,,Generated Individual for Honeysuckle data import,2013-11-19,,,,,,
58622,Lonicera tatarica-arnoldred,,,,,,,,,,Generated Individual for Honeysuckle data import,2013-11-19,,,,,,
58623,Lonicera tatarica-arnoldred,,,,,,,,,,Generated Individual for Honeysuckle data import,2013-11-19,,,,,,
58624,Lonicera tatarica-arnoldred,,,,,,,,,,Generated Individual for Honeysuckle data import,2013-11-19,,,,,,
58626,Lonicera tatarica-arnoldred,,,,,,,,,,Generated Individual for Honeysuckle data import,2013-11-19,,,,,,
58627,Lonicera tatarica-arnoldred,,,,,,,,,,Generated Individual for Honeysuckle data import,2013-11-19,,,,,,
58628,Lonicera tatarica-arnoldred,,,,,,,,,,Generated Individual for Honeysuckle data import,2013-11-19,,,,,,
58630,Lonicera tatarica-arnoldred,,,,,,,,,,Generated Individual for Honeysuckle data import,2013-11-19,,,,,,
58631,Lonicera tatarica-arnoldred,,,,,,,,,,Generated Individual for Honeysuckle data import,2013-11-19,,,,,,
58632,Lonicera tatarica-arnoldred,,,,,,,,,,Generated Individual for Honeysuckle data import,2013-11-19,,,,,,
58633,Lonicera tatarica-arnoldred,,,,,,,,,,Generated Individual for Honeysuckle data import,2013-11-19,,,,,,
58634,Lonicera tatarica-arnoldred,,,,,,,,,,Generated Individual for Honeysuckle data import,2013-11-19,,,,,,
58635,Lonicera tatarica-arnoldred,,,,,,,,,,Generated Individual for Honeysuckle data import,2013-11-19,,,,,,
58636,Lonicera tatarica-arnoldred,,,,,,,,,,Generated Individual for Honeysuckle data import,2013-11-19,,,,,,
58637,Lonicera tatarica-arnoldred,,,,,,,,,,Generated Individual for Honeysuckle data import,2013-11-19,,,,,,
58638,Lonicera tatarica-arnoldred,,,,,,,,,,Generated Individual for Honeysuckle data import,2013-11-19,,,,,,
58639,Lonicera tatarica-arnoldred,,,,,,,,,,Generated Individual for Honeysuckle data import,2013-11-19,,,,,,
58641,Lonicera tatarica-arnoldred,,,,,,,,,,Generated Individual for Honeysuckle data import,2013-11-19,,,,,,
58642,Lonicera tatarica-arnoldred,,,,,,,,,,Generated Individual for Honeysuckle data import,2013-11-19,,,,,,
58643,Lonicera tatarica-arnoldred,,,,,,,,,,Generated Individual for Honeysuckle data import,2013-11-19,,,,,,
58644,Lonicera tatarica-arnoldred,,,,,,,,,,Generated Individual for Honeysuckle data import,2013-11-19,,,,,,
58645,Lonicera tatarica-arnoldred,,,,,,,,,,Generated Individual for Honeysuckle data import,2013-11-19,,,,,,
58646,Lonicera tatarica-arnoldred,,,,,,,,,,Generated Individual for Honeysuckle data import,2013-11-19,,,,,,
58647,Lonicera tatarica-arnoldred,,,,,,,,,,Generated Individual for Honeysuckle data import,2013-11-19,,,,,,
58648,Lonicera tatarica-arnoldred,,,,,,,,,,Generated Individual for Honeysuckle data import,2013-11-19,,,,,,
58649,Lonicera tatarica-arnoldred,,,,,,,,,,Generated Individual for Honeysuckle data import,2013-11-19,,,,,,
58650,Lonicera tatarica-arnoldred,,,,,,,,,,Generated Individual for Honeysuckle data import,2013-11-19,,,,,,
58651,Lonicera tatarica-arnoldred,,,,,,,,,,Generated Individual for Honeysuckle data import,2013-11-19,,,,,,
58652,Lonicera tatarica-arnoldred,,,,,,,,,,Generated Individual for Honeysuckle data import,2013-11-19,,,,,,
58653,Lonicera tatarica-arnoldred,,,,,,,,,,Generated Individual for Honeysuckle data import,2013-11-19,,,,,,
58654,Lonicera tatarica-arnoldred,,,,,,,,,,Generated Individual for Honeysuckle data import,2013-11-19,,,,,,
58655,Lonicera tatarica-arnoldred,,,,,,,,,,Generated Individual for Honeysuckle data import,2013-11-19,,,,,,
58657,Lonicera tatarica-arnoldred,,,,,,,,,,Generated Individual for Honeysuckle data import,2013-11-19,,,,,,
58661,Lonicera tatarica-arnoldred,,,,,,,,,,Generated Individual for Honeysuckle data import,2013-11-19,,,,,,
58662,Lonicera tatarica-arnoldred,,,,,,,,,,Generated Individual for Honeysuckle data import,2013-11-19,,,,,,
58663,Lonicera tatarica-arnoldred,,,,,,,,,,Generated Individual for Honeysuckle data import,2013-11-19,,,,,,
58665,Lonicera tatarica-arnoldred,,,,,,,,,,Generated Individual for Honeysuckle data import,2013-11-19,,,,,,
58667,Lonicera tatarica-arnoldred,,,,,,,,,,Generated Individual for Honeysuckle data import,2013-11-19,,,,,,
58668,Lonicera tatarica-arnoldred,,,,,,,,,,Generated Individual for Honeysuckle data import,2013-11-19,,,,,,
58669,Lonicera tatarica-arnoldred,,,,,,,,,,Generated Individual for Honeysuckle data import,2013-11-19,,,,,,
58671,Lonicera tatarica-arnoldred,,,,,,,,,,Generated Individual for Honeysuckle data import,2013-11-19,,,,,,
58673,Lonicera tatarica-arnoldred,,,,,,,,,,Generated Individual for Honeysuckle data import,2013-11-19,,,,,,
58674,Lonicera tatarica-arnoldred,,,,,,,,,,Generated Individual for Honeysuckle data import,2013-11-19,,,,,,
58675,Lonicera tatarica-arnoldred,,,,,,,,,,Generated Individual for Honeysuckle data import,2013-11-19,,,,,,
58676,Lonicera tatarica-arnoldred,,,,,,,,,,Generated Individual for Honeysuckle data import,2013-11-19,,,,,,
58677,Lonicera tatarica-arnoldred,,,,,,,,,,Generated Individual for Honeysuckle data import,2013-11-19,,,,,,
58678,Lonicera tatarica-arnoldred,,,,,,,,,,Generated Individual for Honeysuckle data import,2013-11-19,,,,,,
58679,Lonicera tatarica-arnoldred,,,,,,,,,,Generated Individual for Honeysuckle data import,2013-11-19,,,,,,
58680,Lonicera tatarica-arnoldred,,,,,,,,,,Generated Individual for Honeysuckle data import,2013-11-19,,,,,,
58681,Lonicera tatarica-arnoldred,,,,,,,,,,Generated Individual for Honeysuckle data import,2013-11-19,,,,,,
58682,Lonicera tatarica-arnoldred,,,,,,,,,,Generated Individual for Honeysuckle data import,2013-11-19,,,,,,
58684,Lonicera tatarica-arnoldred,,,,,,,,,,Generated Individual for Honeysuckle data import,2013-11-19,,,,,,
58685,Lonicera tatarica-arnoldred,,,,,,,,,,Generated Individual for Honeysuckle data import,2013-11-19,,,,,,
58686,Lonicera tatarica-arnoldred,,,,,,,,,,Generated Individual for Honeysuckle data import,2013-11-19,,,,,,
58687,Lonicera tatarica-arnoldred,,,,,,,,,,Generated Individual for Honeysuckle data import,2013-11-19,,,,,,
58688,Lonicera tatarica-arnoldred,,,,,,,,,,Generated Individual for Honeysuckle data import,2013-11-19,,,,,,
58690,Lonicera tatarica-arnoldred,,,,,,,,,,Generated Individual for Honeysuckle data import,2013-11-19,,,,,,
58691,Lonicera tatarica-arnoldred,,,,,,,,,,Generated Individual for Honeysuckle data import,2013-11-19,,,,,,
58692,Lonicera tatarica-arnoldred,,,,,,,,,,Generated Individual for Honeysuckle data import,2013-11-19,,,,,,
58693,Lonicera tatarica-arnoldred,,,,,,,,,,Generated Individual for Honeysuckle data import,2013-11-19,,,,,,
58694,Lonicera tatarica-arnoldred,,,,,,,,,,Generated Individual for Honeysuckle data import,2013-11-19,,,,,,
58695,Lonicera tatarica-arnoldred,,,,,,,,,,Generated Individual for Honeysuckle data import,2013-11-19,,,,,,
58696,Lonicera tatarica-arnoldred,,,,,,,,,,Generated Individual for Honeysuckle data import,2013-11-19,,,,,,
58697,Lonicera tatarica-arnoldred,,,,,,,,,,Generated Individual for Honeysuckle data import,2013-11-19,,,,,,
58698,Lonicera tatarica-arnoldred,,,,,,,,,,Generated Individual for Honeysuckle data import,2013-11-19,,,,,,
58699,Lonicera tatarica-arnoldred,,,,,,,,,,Generated Individual for Honeysuckle data import,2013-11-19,,,,,,
58700,Lonicera tatarica-arnoldred,,,,,,,,,,Generated Individual for Honeysuckle data import,2013-11-19,,,,,,
58702,Lonicera tatarica-arnoldred,,,,,,,,,,Generated Individual for Honeysuckle data import,2013-11-19,,,,,,
58703,Lonicera tatarica-arnoldred,,,,,,,,,,Generated Individual for Honeysuckle data import,2013-11-19,,,,,,
58704,Lonicera tatarica-arnoldred,,,,,,,,,,Generated Individual for Honeysuckle data import,2013-11-19,,,,,,
58707,Lonicera tatarica-arnoldred,,,,,,,,,,Generated Individual for Honeysuckle data import,2013-11-19,,,,,,
58708,Lonicera tatarica-arnoldred,,,,,,,,,,Generated Individual for Honeysuckle data import,2013-11-19,,,,,,
58710,Lonicera tatarica-arnoldred,,,,,,,,,,Generated Individual for Honeysuckle data import,2013-11-19,,,,,,
58711,Lonicera tatarica-arnoldred,,,,,,,,,,Generated Individual for Honeysuckle data import,2013-11-19,,,,,,
58712,Lonicera tatarica-arnoldred,,,,,,,,,,Generated Individual for Honeysuckle data import,2013-11-19,,,,,,
58713,Lonicera tatarica-arnoldred,,,,,,,,,,Generated Individual for Honeysuckle data import,2013-11-19,,,,,,
58714,Lonicera tatarica-arnoldred,,,,,,,,,,Generated Individual for Honeysuckle data import,2013-11-19,,,,,,
58715,Lonicera tatarica-arnoldred,,,,,,,,,,Generated Individual for Honeysuckle data import,2013-11-19,,,,,,
58716,Lonicera tatarica-arnoldred,,,,,,,,,,Generated Individual for Honeysuckle data import,2013-11-19,,,,,,
58717,Lonicera tatarica-arnoldred,,,,,,,,,,Generated Individual for Honeysuckle data import,2013-11-19,,,,,,
58719,Lonicera tatarica-arnoldred,,,,,,,,,,Generated Individual for Honeysuckle data import,2013-11-19,,,,,,
58720,Lonicera tatarica-arnoldred,,,,,,,,,,Generated Individual for Honeysuckle data import,2013-11-19,,,,,,
58721,Lonicera tatarica-arnoldred,,,,,,,,,,Generated Individual for Honeysuckle data import,2013-11-19,,,,,,
58722,Lonicera tatarica-arnoldred,,,,,,,,,,Generated Individual for Honeysuckle data import,2013-11-19,,,,,,
58723,Lonicera tatarica-arnoldred,,,,,,,,,,Generated Individual for Honeysuckle data import,2013-11-19,,,,,,
58724,Lonicera tatarica-arnoldred,,,,,,,,,,Generated Individual for Honeysuckle data import,2013-11-19,,,,,,
58725,Lonicera tatarica-arnoldred,,,,,,,,,,Generated Individual for Honeysuckle data import,2013-11-19,,,,,,
58726,Lonicera tatarica-arnoldred,,,,,,,,,,Generated Individual for Honeysuckle data import,2013-11-19,,,,,,
58727,Lonicera tatarica-arnoldred,,,,,,,,,,Generated Individual for Honeysuckle data import,2013-11-19,,,,,,
58728,Lonicera tatarica-arnoldred,,,,,,,,,,Generated Individual for Honeysuckle data import,2013-11-19,,,,,,
58729,Lonicera tatarica-arnoldred,,,,,,,,,,Generated Individual for Honeysuckle data import,2013-11-19,,,,,,
58731,Lonicera tatarica-arnoldred,,,,,,,,,,Generated Individual for Honeysuckle data import,2013-11-19,,,,,,
58732,Lonicera tatarica-arnoldred,,,,,,,,,,Generated Individual for Honeysuckle data import,2013-11-19,,,,,,
58734,Lonicera tatarica-arnoldred,,,,,,,,,,Generated Individual for Honeysuckle data import,2013-11-19,,,,,,
58736,Lonicera tatarica-arnoldred,,,,,,,,,,Generated Individual for Honeysuckle data import,2013-11-19,,,,,,
58737,Lonicera tatarica-arnoldred,,,,,,,,,,Generated Individual for Honeysuckle data import,2013-11-19,,,,,,
58738,Lonicera tatarica-arnoldred,,,,,,,,,,Generated Individual for Honeysuckle data import,2013-11-19,,,,,,
58740,Lonicera tatarica-arnoldred,,,,,,,,,,Generated Individual for Honeysuckle data import,2013-11-19,,,,,,
58741,Lonicera tatarica-arnoldred,,,,,,,,,,Generated Individual for Honeysuckle data import,2013-11-19,,,,,,
58742,Lonicera tatarica-arnoldred,,,,,,,,,,Generated Individual for Honeysuckle data import,2013-11-19,,,,,,
58744,Lonicera tatarica-arnoldred,,,,,,,,,,Generated Individual for Honeysuckle data import,2013-11-19,,,,,,
58745,Lonicera tatarica-arnoldred,,,,,,,,,,Generated Individual for Honeysuckle data import,2013-11-19,,,,,,
58746,Lonicera tatarica-arnoldred,,,,,,,,,,Generated Individual for Honeysuckle data import,2013-11-19,,,,,,
58747,Lonicera tatarica-arnoldred,,,,,,,,,,Generated Individual for Honeysuckle data import,2013-11-19,,,,,,
58748,Lonicera tatarica-arnoldred,,,,,,,,,,Generated Individual for Honeysuckle data import,2013-11-19,,,,,,
58749,Lonicera tatarica-arnoldred,,,,,,,,,,Generated Individual for Honeysuckle data import,2013-11-19,,,,,,
58750,Lonicera tatarica-arnoldred,,,,,,,,,,Generated Individual for Honeysuckle data import,2013-11-19,,,,,,
58751,Lonicera tatarica-arnoldred,,,,,,,,,,Generated Individual for Honeysuckle data import,2013-11-19,,,,,,
58752,Lonicera tatarica-arnoldred,,,,,,,,,,Generated Individual for Honeysuckle data import,2013-11-19,,,,,,
58753,Lonicera tatarica-arnoldred,,,,,,,,,,Generated Individual for Honeysuckle data import,2013-11-19,,,,,,
58754,Lonicera tatarica-arnoldred,,,,,,,,,,Generated Individual for Honeysuckle data import,2013-11-19,,,,,,
58755,Lonicera tatarica-arnoldred,,,,,,,,,,Generated Individual for Honeysuckle data import,2013-11-19,,,,,,
58756,Lonicera tatarica-arnoldred,,,,,,,,,,Generated Individual for Honeysuckle data import,2013-11-19,,,,,,
58757,Lonicera tatarica-arnoldred,,,,,,,,,,Generated Individual for Honeysuckle data import,2013-11-19,,,,,,
58758,Lonicera tatarica-arnoldred,,,,,,,,,,Generated Individual for Honeysuckle data import,2013-11-19,,,,,,
58759,Lonicera tatarica-arnoldred,,,,,,,,,,Generated Individual for Honeysuckle data import,2013-11-19,,,,,,
58761,Lonicera tatarica-arnoldred,,,,,,,,,,Generated Individual for Honeysuckle data import,2013-11-19,,,,,,
58762,Lonicera tatarica-arnoldred,,,,,,,,,,Generated Individual for Honeysuckle data import,2013-11-19,,,,,,
58763,Lonicera tatarica-arnoldred,,,,,,,,,,Generated Individual for Honeysuckle data import,2013-11-19,,,,,,
58764,Lonicera tatarica-arnoldred,,,,,,,,,,Generated Individual for Honeysuckle data import,2013-11-19,,,,,,
58766,Lonicera tatarica-arnoldred,,,,,,,,,,Generated Individual for Honeysuckle data import,2013-11-19,,,,,,
58767,Lonicera tatarica-arnoldred,,,,,,,,,,Generated Individual for Honeysuckle data import,2013-11-19,,,,,,
58768,Lonicera tatarica-arnoldred,,,,,,,,,,Generated Individual for Honeysuckle data import,2013-11-19,,,,,,
58769,Lonicera tatarica-arnoldred,,,,,,,,,,Generated Individual for Honeysuckle data import,2013-11-19,,,,,,
58772,Lonicera tatarica-arnoldred,,,,,,,,,,Generated Individual for Honeysuckle data import,2013-11-19,,,,,,
58773,Lonicera tatarica-arnoldred,,,,,,,,,,Generated Individual for Honeysuckle data import,2013-11-19,,,,,,
58774,Lonicera tatarica-arnoldred,,,,,,,,,,Generated Individual for Honeysuckle data import,2013-11-19,,,,,,
58775,Lonicera tatarica-arnoldred,,,,,,,,,,Generated Individual for Honeysuckle data import,2013-11-19,,,,,,
58776,Lonicera tatarica-arnoldred,,,,,,,,,,Generated Individual for Honeysuckle data import,2013-11-19,,,,,,
58777,Lonicera tatarica-arnoldred,,,,,,,,,,Generated Individual for Honeysuckle data import,2013-11-19,,,,,,
58778,Lonicera tatarica-arnoldred,,,,,,,,,,Generated Individual for Honeysuckle data import,2013-11-19,,,,,,
58779,Lonicera tatarica-arnoldred,,,,,,,,,,Generated Individual for Honeysuckle data import,2013-11-19,,,,,,
58780,Lonicera tatarica-arnoldred,,,,,,,,,,Generated Individual for Honeysuckle data import,2013-11-19,,,,,,
58781,Lonicera tatarica-arnoldred,,,,,,,,,,Generated Individual for Honeysuckle data import,2013-11-19,,,,,,
58782,Lonicera tatarica-arnoldred,,,,,,,,,,Generated Individual for Honeysuckle data import,2013-11-19,,,,,,
58783,Lonicera tatarica-arnoldred,,,,,,,,,,Generated Individual for Honeysuckle data import,2013-11-19,,,,,,
58784,Lonicera tatarica-arnoldred,,,,,,,,,,Generated Individual for Honeysuckle data import,2013-11-19,,,,,,
58785,Lonicera tatarica-arnoldred,,,,,,,,,,Generated Individual for Honeysuckle data import,2013-11-19,,,,,,
58786,Lonicera tatarica-arnoldred,,,,,,,,,,Generated Individual for Honeysuckle data import,2013-11-19,,,,,,
58787,Lonicera tatarica-arnoldred,,,,,,,,,,Generated Individual for Honeysuckle data import,2013-11-19,,,,,,
58789,Lonicera tatarica-arnoldred,,,,,,,,,,Generated Individual for Honeysuckle data import,2013-11-19,,,,,,
58790,Lonicera tatarica-arnoldred,,,,,,,,,,Generated Individual for Honeysuckle data import,2013-11-19,,,,,,
58791,Lonicera tatarica-arnoldred,,,,,,,,,,Generated Individual for Honeysuckle data import,2013-11-19,,,,,,
58792,Lonicera tatarica-arnoldred,,,,,,,,,,Generated Individual for Honeysuckle data import,2013-11-19,,,,,,
58793,Lonicera tatarica-arnoldred,,,,,,,,,,Generated Individual for Honeysuckle data import,2013-11-19,,,,,,
58794,Lonicera tatarica-arnoldred,,,,,,,,,,Generated Individual for Honeysuckle data import,2013-11-19,,,,,,
58795,Lonicera tatarica-arnoldred,,,,,,,,,,Generated Individual for Honeysuckle data import,2013-11-19,,,,,,
58797,Lonicera tatarica-arnoldred,,,,,,,,,,Generated Individual for Honeysuckle data import,2013-11-19,,,,,,
58798,Lonicera tatarica-arnoldred,,,,,,,,,,Generated Individual for Honeysuckle data import,2013-11-19,,,,,,
58799,Lonicera tatarica-arnoldred,,,,,,,,,,Generated Individual for Honeysuckle data import,2013-11-19,,,,,,
58800,Lonicera tatarica-arnoldred,,,,,,,,,,Generated Individual for Honeysuckle data import,2013-11-19,,,,,,
70318,Cercis canadensis,,,,,,,,,,Generated Individual for ADF import,0000-00-00,,,,,,
70322,Cercis canadensis,,,,,,,,,,Generated Individual for ADF import,0000-00-00,,,,,,
70323,Cornus florida,,,,,,,,,,Generated Individual for ADF import,0000-00-00,,,,,,
70376,Cercis canadensis,,,,,,,,,,Generated Individual for ADF import,0000-00-00,,,,,,
70377,Cornus florida,,,,,,,,,,Generated Individual for ADF import,0000-00-00,,,,,,
70424,Cercis canadensis,,,,,,,,,,Generated Individual for ADF import,0000-00-00,,,,,,
70425,Cornus florida,,,,,,,,,,Generated Individual for ADF import,0000-00-00,,,,,,
70427,Syringa vulgaris,,,,,,,,,,Generated Individual for ADF import,0000-00-00,,,,,,
70429,Cercis canadensis,,,,,,,,,,Generated Individual for ADF import,0000-00-00,,,,,,
70430,Cornus florida,,,,,,,,,,Generated Individual for ADF import,0000-00-00,,,,,,
70432,Syringa vulgaris,,,,,,,,,,Generated Individual for ADF import,0000-00-00,,,,,,
70826,Cercis canadensis,,,,,,,,,,Generated Individual for ADF import,0000-00-00,,,,,,
70827,Cornus florida,,,,,,,,,,Generated Individual for ADF import,0000-00-00,,,,,,
70829,Syringa vulgaris,,,,,,,,,,Generated Individual for ADF import,0000-00-00,,,,,,
70832,Cercis canadensis,,,,,,,,,,Generated Individual for ADF import,0000-00-00,,,,,,
70833,Cornus florida,,,,,,,,,,Generated Individual for ADF import,0000-00-00,,,,,,
70836,Syringa vulgaris,,,,,,,,,,Generated Individual for ADF import,0000-00-00,,,,,,
70844,Syringa vulgaris,,,,,,,,,,Generated Individual for ADF import,0000-00-00,,,,,,
70861,Cornus florida,,,,,,,,,,Generated Individual for ADF import,0000-00-00,,,,,,
70863,Syringa vulgaris,,,,,,,,,,Generated Individual for ADF import,0000-00-00,,,,,,
